id,query,liked_post,has_messaged,username,post
1,,true,false,admin,Tennis Balls
2,,true,false,admin,foldable knife for cooking
3,,false,true,admin,preowned skillet
5,Food,false,false,admin,
7,Sports,false,false,admin,
8,Technology,false,false,admin,
12,,false,true,admin,small pot for cooking
13,,false,true,admin,Proofs Textbook
16,Hobbies,false,false,admin,
17,Pressure cooker,false,false,admin,
18,Pressure cooker,false,false,admin,
19,Pressure cooker,false,false,admin,
20,Dog,false,false,admin,
21,Pressure cooker,false,false,admin,
22,W&M Bottle,false,false,admin,
30,wage,false,false,admin,
43,chair,false,false,admin,
51,bring,false,false,admin,
63,,true,false,admin, YASHUS Makeup Face Cream Whitening Skin Care Unisex Oil-Control Moisturizing Anti-Aging Anti Wrinkle 
71,textbook,false,false,admin,
74,siding,false,false,admin,
131,,true,false,admin, Ubervia Pack of 1 Highlighter Bronzer Iluminador Rainbow Glow Kit Palette Subrayadores Bronceador Corporal Napse 
141,decide,false,false,admin,
155,porcelain,false,false,admin,
173,hose,false,false,admin,
175,,true,false,admin," Nutribios Professional Lumiance Moisture Pearl single use facial kit (pearl glow facial for dry, dull skin) "
176,,false,true,admin," CHOCOCRAFT, Holi gift for everyone, 18 Chocolate Gift Box, chocolate for boyfriend "
181,,false,true,admin, Firneedle Oil with Dropper 100% Natural Pure Undiluted Uncut Essential Oil 30ml 
191,,false,true,admin, SIDDHISALES Rakshabandhan Rakhi Set for Bhaiya Bhabhi 
192,emanate,false,false,admin,
193,,true,false,admin, Morde Milk Compound Slab - 400g 
198,,false,true,admin," Lesaffre Saf-Instant Yeast, Red, 2 Pound "
201,,false,true,admin," Tim Mcgraw Soul 2 Soul Eau de Toilette Spray for Men, 0.5 Ounce "
207,,true,false,admin," Jiwesh Combo of 2 Punjabi Rajma Masala, Kitchen Queen Masala (100x2) "
215,,true,false,admin, HealthyNeeds EXPfoot Leather orthotics Flat Foot men and women 
229,,false,true,admin, Hanvi SACE LADY Nose Strips Deep Cleansing Blackhead Remover Nasal Spot Facial Dot Sticker Sheet Nose Mask Shill For Acne Black Head (5pcs) 
239,,false,true,admin, shrinika Cute shower bath cap women hat for baths and saunas lace elastic band cap(Pink Rabbit) 
249,,true,false,admin," No Strip Coffee Flavor Depilatory Wax Pearl Hair Removal Hot Wax Beans, 200 grams With Plastic Knife "
252,,true,false,admin, Gardens of Aroma - Malkangani Essential Oil 10ml. Jasmine Essential Oil 10ml 
259,hydrocarb,false,false,admin,
261,,false,true,admin," LOreal Paris Skin Care Revitalift Volume Filler Day/Night Multi Pack, 0.1 "
262,attractive,false,false,admin,
267,cutlet,false,false,admin,
277,,false,true,admin," Organic Ultra Light Day Cream by Nurture My Body - Anti-Aging Cream - 100% Natural - Great For Firming, Hydrating and Moisturizing (Fragrance Free) "
281,,false,true,admin, PARSH Red Onion Hair Growth Oil 100 ml 
291,,true,false,admin, LOVES BABY SOFT by Dana COLOGNE .5 OZ (Package Of 5) 
302,truck,false,false,admin,
306,,false,true,admin," Finish All In 1 Powerball, Orange 20 Tabs, Dishwasher Detergent Tablets (Pack Of 2) "
321,cross-stitch,false,false,admin,
332,rotten,false,false,admin,
338,,false,true,admin, Genuine 4Pcsset Random Slippers Shaped Nail Art Manicure Set Mini Finger Nail Cutter Clipper File Scissor Tweezers Nail Care Tools 
340,,true,false,admin," All Mighty Pacs Laundry Detergent, Free Clear For Sensitive Skin, Unscented, Tub, 67 Count "
350,,true,false,admin, Yashus Acid Whitening Cream+Vitamin C serum Acne Pimples Melanin Wrinkle 
354,woman,false,false,admin,
367,summit,false,false,admin,
374,,false,true,admin," Parag Fragrances 25ml Brazzer 007 Attar With Fancy Empty Bottle (Alcohol Free, Long Lasting, Natural Attar) Also Available in 50/100/200/500 pack "
380,,false,true,admin," Michel Design Works Scented Foaming Hand Soap and Lotion Caddy Gift Set, Peacock "
386,,true,false,admin, MOM STORE 100% PURE SANDALWOOD POWDER 
400,squash,false,false,admin,
406,eraser,false,false,admin,
411,tarragon,false,false,admin,
434,,true,false,admin, Chocholik Gift Box - Chocolate Says I Am Sorry Better Than Words Chocolate Box - 20pc 
444,farmer,false,false,admin,
450,,false,true,admin, Pure Agro Black Mustard Seeds- Rai ( Pack of 3 ) 
456,,true,false,admin, INDRA SUGANDH 121 VIP Very Long Lasting 
462,,true,false,admin, World Beautys New Bamboo Charcoal Blackhead Remover Nose Face Facial Mask Pore Strip Tearing Peeling Shrink Pores Skin Care Suction Black Mask 
469,,true,false,admin, Niloufer Multi Grain Cookies (200) 
479,boysenberry,false,false,admin,
500,election,false,false,admin,
501,consciousness,false,false,admin,
502,,false,true,admin," Green Leaf Pure Aloe Vera Skin Gel, 500G ( Pack Of 2 ) "
506,,false,true,admin, YASHUS Gold Essence Day Cream Anti Wrinkle Face Care Anti Aging Collagen Whitening Moisturizing 
511,eating,false,false,admin,
531,,false,true,admin, CHOCOCRAFT - Rakhi gift ideas - Best Chocolates for Rakhi - 12 Chocolate gift Box with Rakhi 
552,packet,false,false,admin,
555,battleship,false,false,admin,
561,,true,false,admin, Baxters Favourites Lentil & Bacon Soup 400G - Pack Of 2 
567,,true,false,admin," MIZON Snail Foam Cleanser, 1.92 Ounce "
572,,true,false,admin, SLV Coconut Oil Protein for Hair Health Provides Nutrition Prevent Hair Loss 
576,,false,true,admin, PINK PLUMS D-Tan & Papaya with Vitamin E Scrub 250 ml Each (Pack-2) 
585,joke,false,false,admin,
587,division,false,false,admin,
589,robotics,false,false,admin,
595,muddy,false,false,admin,
599,loggia,false,false,admin,
611,torte,false,false,admin,
616,asphalt,false,false,admin,
620,,false,true,admin," OMBRELLE KIDS ,Ombrelle Lotion SPF 45, Mexoryl Technology 240 ml / 8 oz "
621,decision,false,false,admin,
631,dusk,false,false,admin,
635,funding,false,false,admin,
672,,false,true,admin, World Beautys New Skin Care For Strawberry Nose Mask Blackhead Remover Mud Pore Strip Black Mask Peel off Mask Acne Treatment Nose Peel Masks 
675,clipper,false,false,admin,
690,price,false,false,admin,
693,,true,false,admin, Fathers day ideas - 12 Chocolate Gift Box - Father gift ideas 
695,,true,false,admin, St Ives Timesless Skin Collagen Elastin Facial Moisturizer 5 Oz/150 Ml 
703,,false,true,admin, Generic 16x25mm: BNG 50pcs 240# Sanding Bands Block Caps Without Grip Beauty Sanding Cap Manicure Pedicure Electric Nail Drill Tools 
717,obsidian,false,false,admin,
721,,false,true,admin, The Farm Basket: Tutti Frutti Cherries [ Multi Colour ] 900g 
725,,true,false,admin, Feel Soft Facial Tissue 20X20 CM Pack Of 10 
727,,false,true,admin, Knorr Spring Vegetable Recipe Mix 0.9 Oz (Pack Of 3) 
734,sit,false,false,admin,
740,,false,true,admin, Hansel Ice Roller Face Massager Handheld Anti-Wrinkles Face Skin Smooth Body Cool Massage Device(Purple) 
745,,true,false,admin, Mint Green Tea 100g 
794,,true,false,admin, CYBERCITY MARKETING Aloevera Face and Body Cleansing Scrub Gel (100 ml) 
812,,true,false,admin, Parag Fragrances Attar Zuhur Attar 12ml With Precious Gift Pack|Best Attar For Man|Long Lasting Attar|Ittar|Attar|Perfume|Fragrance Oil|Gift For Man Also Available in 25ml/100ml/500ml 
826,,true,false,admin, Schwartz Pour Over Creamy White Wine & Herbs - 26G (0.06Lbs) 
844,,true,false,admin, Royal Beauty Australia EyeMed 2NL&K Body Slimming Cream Evenly. Curve Body Slimming Cream Gel Waist Abdomen Cream EYEMED 
848,,false,true,admin, Kabello Face Makeup Remover Cleansing Tissues For Girls Home And Saloon Use 20 Grams Pack Of 1 
850,likeable,false,false,admin,
870,,false,true,admin, Secret Temptation Affair and Passion Deodorant Spray 
871,cummerbund,false,false,admin,
885,,false,true,admin," Killer Deodorant, 450 ml (Pack of 3) "
887,,false,true,admin, Ganesh Chaturthi Gift for Corporates - 6 Chocolate Gift Box - Unique gift for ganesh Chaturthi 
895,pants,false,false,admin,
914,bayou,false,false,admin,
918,bough,false,false,admin,
953,dividend,false,false,admin,
958,wet,false,false,admin,
966,,true,false,admin, Valinta Skin Whitening Facewash Insta5 Formula ( 70 g x 5) 
981,tomato,false,false,admin,
982,majority,false,false,admin,
1017,pantologist,false,false,admin,
1051,muscle,false,false,admin,
1102,,true,false,admin," CLEANWELL FOAM HAND WASH,LVNDR ABSL, 9.5 FZ "
1112,,true,false,admin, Clinique Sparkle Skin Body Exfoliator 200ml 
1121,eatable,false,false,admin,
1128,,false,true,admin, Atoz prime gold collagen snail cream moisturizing anti aging anti wrinkle para whitening skin care freckle acne treatment face care makeup 
1129,,false,true,admin," Parag Fragrances 25ml Romantic Attar With Fancy Empty Bottle (Alcohol Free, Long Lasting, Natural Attar) Also Available in 50/100/200/500 pack "
1136,,true,false,admin, World Beautys New Nose Blackhead Remover Face Black Mask Acne Treatment Peeling Mask Suction Facial Skin Care Pore Strip Black Head Masks 
1138,c-clamp,false,false,admin,
1139,languid,false,false,admin,
1151,,true,false,admin, Easy Life Combo of Oregano Seasoning 250g with Chilli Garlic Sauce 340g 
1153,destiny,false,false,admin,
1162,boyfriend,false,false,admin,
1174,finger,false,false,admin,
1191,wail,false,false,admin,
1195,,true,false,admin, Lord+%26+Mayfair Lord and Mayfair Revitalizing Shower Gel With Verbena Essence Lot of 18 Each 1oz Bottles 
1205,,false,true,admin, Lice Md Head Lice Treatment 4oz (2 Pack) 
1212,pump,false,false,admin,
1221,shopping,false,false,admin,
1224,,true,false,admin, Vagad`s Khadi Almond Essential Oil Pack of 2 
1230,piglet,false,false,admin,
1241,stiletto,false,false,admin,
1253,succeed,false,false,admin,
1259,gigantic,false,false,admin,
1269,statin,false,false,admin,
1275,obsolete,false,false,admin,
1280,last,false,false,admin,
1283,,true,false,admin," CHOCOCRAFT, perfect valentines gift, 6 Chocolate Gift Box, chocolate for valentine day "
1289,mango,false,false,admin,
1304,snob,false,false,admin,
1306,,true,false,admin, Simpsons Lemon Gel + Beauty with lanolin + Egg Shamoo 200+250+250 ML 
1310,piccolo,false,false,admin,
1316,,true,false,admin," 100% Natural Rejuvenating Serum. All Natural Serum For Face, Neck, Chest - Unique Gentle Care - Perfect For All Skin Types - Great Moisturizer & Anti Aging Formula. "
1364,,false,true,admin, Kleravitex Curls 24 Rizo 24 Leave In Treatment (8.8 Fl Oz.) Curl Defining Cream by Kleravitex 
1370,,true,false,admin," Carapex Aloe Vera Moisturizing Conditioner, for Color Treated Hair and Damaged Hair with Natural Proteins, Hemp Oil, Coconut Oil, Sulfate Free, Paraben Free, Silicon Free, Unscented, Promotes Volume, for Sensitive Skin Frizzy Hair, Coarse Hair, Fine Hair 8 oz "
1381,mean,false,false,admin,
1390,chapel,false,false,admin,
1398,mechanic,false,false,admin,
1401,crowd,false,false,admin,
1416,cork,false,false,admin,
1418,,false,true,admin," Khadi Neem Aloevera Shampoo, 210ml "
1440,steeple,false,false,admin,
1445,,false,true,admin, Lavera Karanja Oil & Organic White Tea Firming Serum - 30ml/1oz 
1450,,true,false,admin," Aveeno Sunscreen Lotion, Protect + Hydrate, Broad Spectrum SPF 30 3 oz (85 g) "
1463,,true,false,admin, Unforgivable By Sean John For Men. Eau De Toilette Spray 4.2 OZ / 125 Ml By Sean John Beauty 
1480,growth,false,false,admin,
1530,lute,false,false,admin,
1544,,false,true,admin, Aveda Dry Remedy Moisturizing Shampoo (New Packaging) 8.5 oz 
1556,,false,true,admin, Pure Elements Lavender Bergamot Refreshing Bath Oil - 180 Ml 
1567,realize,false,false,admin,
1580,,false,true,admin," CHOCOCRAFT, romantic valentines day gifts, 9 Chocolate Gift Box, chocolate gift for valentines day "
1585,brilliant,false,false,admin,
1619,jeans,false,false,admin,
1622,legislation,false,false,admin,
1633,closet,false,false,admin,
1638,prose,false,false,admin,
1645,influence,false,false,admin,
1648,,false,true,admin, Royal Beauty LANBENA 1Pcs Black Head Remover Nose Mask Pore Strip Mask Peeling Acne Treatment Oil-Control Black Deep Cleansing Skin Care New 
1651,,true,false,admin, Hansel Mini Usb Nano Mist Sprayer Facial Body Steamer Moisturizing Skin Care Tool(White) 
1652,burrow,false,false,admin,
1658,,false,true,admin," Dr. Schar Choco Muesli Gluten Free Cereal, 375g "
1664,futon,false,false,admin,
1666,,true,false,admin, Durga pooja gift items - 6 Chocolate Gift Box - Durga puja gift ideas 
1681,,false,true,admin," CHOCOCRAFT, v day gifts, 18 Chocolate Gift Box, customised chocolates for your love "
1690,basics,false,false,admin,
1695,,true,false,admin, World Beautys New ROREC Bamboo Black Mask Nose Blackhead Remover Peeling Acne Treatment Mask Cleansing Strips Nose Shrinking Pores Face Care Set 
1696,directory,false,false,admin,
1697,,false,true,admin, Itch Relief Banophen - Item Number 1415108EA 
1706,paranoia,false,false,admin,
1707,traveler,false,false,admin,
1729,,true,false,admin," Poo-Pourri Before-You-Go Toilet Spray, Pumpkin Chai Scent, 2 oz: Pumpkin Chai Scent, 2 oz "
1733,,false,true,admin, SWD Prime Multi Functional Ear Pick Ear Clean Finger Less Fishing Repair Led Lamp Handhold Survival Flashlight 
1737,interview,false,false,admin,
1747,run,false,false,admin,
1749,,true,false,admin, Parag Fragrances Fancy Oud Attar 12ml With Precious Gift Pack|Best Attar For Man|Long Lasting Attar|Ittar|Attar|Perfume|Fragrance Oil|Gift For Man Also Available in 25ml/100ml/500ml 
1762,,true,false,admin," The Body Shop Face Wash Seaweed, 125 ml "
1765,highland,false,false,admin,
1778,,true,false,admin, Generic 2pcs: MAOHANG 2018 New tungsten super carbide nail drill bits for cuticle clean electric drill file manicure drill accessory tools 
1782,ford,false,false,admin,
1792,,true,false,admin," The Body Care Orange Cleansing Milk, 400 ml "
1807,,false,true,admin, Online Quality Store Mint Powder Peppermint for Face (500 Gms) 
1812,,true,false,admin, Suzuran Japan Lily Bell Lilian Puff (222 pieces) - 5x6cm 100% Cotton by scthkidto 
1825,,false,true,admin," INTENSIVE SPA PERFECTION Deep Cleansing Mud Gel, 3.4... "
1835,clank,false,false,admin,
1838,,true,false,admin, FACIAL-MASK Makeup Headband : Facial Headband And Spa Wrap Silicone Face Mask Brush & Facial Spatula For Applica 
1839,,true,false,admin, World Beautys New Dark Spot Corrector Skin Whitening Fade Cream 40g Lightening Blemish Removal Serum Reduces Age Spots Freckles Melasma Face Cream 
1841,haversack,false,false,admin,
1845,ligand,false,false,admin,
1856,,true,false,admin, Royal Violets By Agustin Reyes 5 Oz Agua De Colonia Eau De Cologne Glass Bottle 
1858,opening,false,false,admin,
1868,,false,true,admin, ILEX+CONSUMER+PRODUCTS+GRP CALGON SHOWR GEL+FOAM BATH T/D Size: 16 OZ 
1869,shrill,false,false,admin,
1879,,true,false,admin, ShopUSAIndia KAT VON D Lock-It Concealer Crème - COLOR: Medium 21 - medium khaki with neutral undertone - Natural finish 
1886,,true,false,admin, Dynapop® Microwave Popcorn Hot & Spicy 400g & Butter Flavour 400g Combo Pack (2 x Pack of 4 x 100g) 
1891,trunk,false,false,admin,
1895,glider,false,false,admin,
1903,,false,true,admin, Greenwood Essential Pure Calendula Oil (Calendula officinalis) 100% Natural Therapeutic Grade Infused Oil 200ml 
1911,,false,true,admin," Auriga International Flavo-C Cream, Moisturizing Anti-Ageing Cream With Vitamin C, 30 ml "
1929,,false,true,admin, Signature Collection SPICED PUMPKIN CIDER Body Scrub 
1943,overrated,false,false,admin,
1949,,false,true,admin," Apple Foods Ready to Cook Malabar Parotta (1125 grams, Pack of 3) "
1964,hypothesis,false,false,admin,
1968,prophet,false,false,admin,
1971,gang,false,false,admin,
1977,,true,false,admin, Nu-Pore Fresh Aloe & Cucumber Collagen Essence Mask [ 2 Masks ] 1 Aloe And 1 Cucumber 
1982,,true,false,admin, Sanjith Horse oil Moisturizing Anti-wrinkle multifunction Cream whitening 
1992,consulting,false,false,admin,
1996,trombone,false,false,admin,
2001,,false,true,admin, Bikanervala Patisa Desi Ghee Raksha Bandhan Hamper with Designer Rakhi 
2002,cell,false,false,admin,
2016,structure,false,false,admin,
2019,worship,false,false,admin,
2024,obsidian,false,false,admin,
2033,eating,false,false,admin,
2038,passenger,false,false,admin,
2057,plausible,false,false,admin,
2065,,false,true,admin, Gifts for raksha bandhan - 9 Chocolate Gift Box - Rakshabandhan Gifts with Rakhi 
2071,virus,false,false,admin,
2076,,true,false,admin, Ancient Healer 100% Natural Cassia Essential Oil (250) 
2080,,false,true,admin," Generic, China: Eyemask New Cute Eye Mask Soft Padded Sleep Travel Shade Cover Rest Relax Sleeping Blindfold "
2108,,false,true,admin," Bogatchi Chocolates Valentine Day Gift for Husband, 24Pcs + Free V-Day Card + Free Rose "
2110,,true,false,admin, World Beautys New Natural Aloe Vera Gel Toner Plants Essence Skin Care Moist Hydrating Vitamin C Gel Whitening Skin Toner 120ml S7 
2129,overrated,false,false,admin,
2130,macabre,false,false,admin,
2142,mortise,false,false,admin,
2147,,true,false,admin, men speed stick cool clean antiperspirant deodorant 1.8oz 51g (pack of 3) 
2151,grass,false,false,admin,
2153,,true,false,admin, World Beautys New PILATEN Professional 1pcs Deep Silk Mask Replenishment Water Pore Cleaner Cleansing Membrane Mask black nasal membrane Anne 
2154,,true,false,admin, Secret Key - Multi Cell Night Repair Ampoule - Facial Care (50ml) 
2164,,false,true,admin, 1 BIOTIQUE BIO PAPAYA VISIBLY AGELESS SCRUB WASH 100ML +1 BIOTIQUE BIO PINEAPPLE OIL CONTROL FOAMING FACE CLEANSER 120ML 
2168,translate,false,false,admin,
2174,towering,false,false,admin,
2177,,false,true,admin, Dead Sea Premier Collagen Anti-Wrinkle Facial Serum (1.01 oz) 
2188,dedication,false,false,admin,
2199,washtub,false,false,admin,
2205,think,false,false,admin,
2210,,false,true,admin, Hask Keratin Protein Smoothing Conditioner 12oz 
2215,expert,false,false,admin,
2219,,false,true,admin," Maui Organics Intense Moisturizing Exoitc Lotion, Maui Pineapple, 8.5 Ounce "
2233,,false,true,admin, Klorane Gel Conditioner with Peony for Sensitive and Irritated Scalp 
2247,vitro,false,false,admin,
2263,escalator,false,false,admin,
2287,innervation,false,false,admin,
2290,forgetful,false,false,admin,
2301,equinox,false,false,admin,
2306,,false,true,admin," Scentio Hair Professional Argan Oil Therapy Dry Shampoo, 150 ml "
2323,bitter,false,false,admin,
2327,browsing,false,false,admin,
2329,,false,true,admin," Blue For Men Pocket Perfume 18ml MADEENA CO. Best perfume For Men and Women, Long Lasting perfume. Easy to Carry. Last upto 24hours. "
2334,breeze,false,false,admin,
2336,exhaustion,false,false,admin,
2352,,false,true,admin, PINK PLUMS D-Tan & Papaya with Vitamin E Scrub 250 ml Each (Pack-2) 
2353,old-fashioned,false,false,admin,
2368,,false,true,admin, Glysomed Hand Cream Mix Pack (1 x Large Tube 250mL / 8.5 fl oz and 1 x Mini Travel Size Tube 50mL / 1.7 fl oz) 
2371,till,false,false,admin,
2380,porcelain,false,false,admin,
2385,owl,false,false,admin,
2390,pardon,false,false,admin,
2399,excursion,false,false,admin,
2414,ethereal,false,false,admin,
2433,shoot,false,false,admin,
2453,organisation,false,false,admin,
2454,,true,false,admin, BeautyNeeds 1Pair Super Soft Silicone Gloves SPA Essential Oil Moisturization Gloves Socks Cosmetic Anti-cracking Gloves Makeup Gloves 
2455,,false,true,admin, chapstick total hydration eucalyptus mint 0.12 oz (pack of 3) 
2474,,true,false,admin," Chocolate Gift Box, Dark Chocolates, Premium Chocolates, Free Rakhi (Kundan Rakhi), Apaisant, French Luxury, 15 Pieces "
2485,material,false,false,admin,
2488,flu,false,false,admin,
2490,,true,false,admin, CHOCOCRAFT - Rakhi gift for sister - 18 Chocolate Gift Box - Best Chocolates 
2510,,true,false,admin, Coconut Herbal Hairoil 
2513,,true,false,admin, Chocholik Gift Box - Be Strong But Not Rude Chocolate Box - 9pc 
2514,,false,true,admin, Sos Organics Lavender Scrub Soap (Pack of 3) 
2520,squeak,false,false,admin,
2525,,false,true,admin, Banana Powder - 200 GM by Holy Natural 
2540,upbeat,false,false,admin,
2543,freon,false,false,admin,
2575,island,false,false,admin,
2582,peek,false,false,admin,
2584,,true,false,admin," LKITZZ heise, XXL: Slimming Underwear Bodysuits Slim Body Shaper Wear Hot Shapers Waist Trainer Corset modeling strap Slimming Belt Shapewear women "
2586,testimony,false,false,admin,
2587,rack,false,false,admin,
2594,grove,false,false,admin,
2616,portrait,false,false,admin,
2624,collard,false,false,admin,
2627,,false,true,admin," Slurrp Farm Organic Baby Cereal, Ragi, Rice and Mango with Milk, Instant Healthy Wholesome Food for Babies, 200g "
2635,calico,false,false,admin,
2640,macrame,false,false,admin,
2641,marked,false,false,admin,
2645,,true,false,admin, Gifts on rakhi - 18 Chocolates Gift Box - Send Rakhi Online 
2654,decryption,false,false,admin,
2659,,false,true,admin, SLV Essence Original Liquid Hyaluronic Acid Serum Face Cream Repair Skin Care 
2672,,false,true,admin," Skin Tightening Face Mask (Orange Peel Powder, Rose Petal Powder, Aloe Vera Powder, Multani Mitti, Bentonite & Kaolin Clay) Naturally Tightens Skin (200 gm / 7 oz / 0.44 lb) "
2684,,false,true,admin, World Beautys New Women Face Cream Day Cream Brighten Concealer Freckle Removing Moisturizer Anti-Aging Hydrating Skin Care Face Makeup 2018 
2688,vendor,false,false,admin,
2692,,true,false,admin," V-Color Aroma Mixed Fruit Facial Kit, 270g "
2699,kendo,false,false,admin,
2700,,false,true,admin, kedus LAIKOU Natural Facial Scrub/Go Cutin Face Exfoliating Body Cream Whitening Gel 120g 
2702,,true,false,admin," Bird In Blue Instant China Grass Milk Jelly Strawberry, 100 g (Pack of 3) "
2706,,false,true,admin, Homely 1 Pcs New Drill Bit Tungsten Steel Carbide For Nail Art F/M/C/XC Mill Electric Cutter Remove Rotate Dead Manicure tools LAF0615 : F Red 
2712,melon,false,false,admin,
2716,,false,true,admin, Arganistry Argan Retinol Serum Anti-wrinkle Complex 1 oz 
2726,,true,false,admin, Elizavecca Aqua Deep Power Ringer Mask Pack 
2731,anyone,false,false,admin,
2736,,false,true,admin," CFS Wild Sandal Perfume, Brown, Sandalwood, 100 ML CFS_10 "
2751,nondescript,false,false,admin,
2773,ignorant,false,false,admin,
2783,documentation,false,false,admin,
2796,,true,false,admin, World Beautys New VIBRANT GLAMOUR Verbenone Rosemary Condensation Blackhead Acne Remove Face Mask Deep Cleaning Whitening Moisturizing Facial Mask 
2802,,true,false,admin," Acure Organics Dry Shampoo For Brunette to Dark Hair With Arrowroot, Rosemary and Peppermint, 1.7 oz (Pack of 2) "
2824,objective,false,false,admin,
2838,,false,true,admin," Ayufresh Sundarikalp Tea - 100% Pure & Natural, 50 gm (25 Tea Bags) "
2841,,false,true,admin," Haribo Gummi Candy, Gold-Bears, 3 Lb "
2844,tributary,false,false,admin,
2846,,false,true,admin," Golden Rose Beauty Oil Nail & Cuticle for Poor, Brittle Nails & Rough, Dry Cuticle 0.37 fl oz "
2865,scrape,false,false,admin,
2871,fallacy,false,false,admin,
2879,crucifixion,false,false,admin,
2908,,false,true,admin, Scent Souls Burbeery Body & Burbeery Weekend Perfume Oil/Fragrance Oil (Attar| Ittar) Roll On For Women (Best Pure Branded Long Lasting Alcohol Free Perfume) Combo Pack offer Set Of 2 (12ml) 
2925,,false,true,admin," Badia Curry Powder, 2 Oz "
2940,,false,true,admin, Menaja Fennel Seed Essential Oil - 100% Pure & Natural (90 ML) 
2946,,false,true,admin," Aroma Naturals Andalou Naturals Age Defying Hair Thinning Treatment System, 3 Count "
2971,bedrock,false,false,admin,
2981,,false,true,admin," Berry+Beautiful Grown Cranberry Seed Oil Glass Bottle W/Dropper-Virgin, Unrefined and Cold-Pressed From US (2 fl oz, 60 ml) "
2986,,true,false,admin, FlyWay Cosmeclinik Dermatos Hand Foam 250 ml 
2998,,false,true,admin," CHOCOCRAFT, best gift for wife on valentine, 6 Chocolate Gift Box, unique chocolate gift "
3018,protein,false,false,admin,
3028,,false,true,admin, Faiza Care system Beauty Cream (59 gm) with Soap Combo 
3035,,false,true,admin," CHOCOCRAFT, Best gift for Hug Day, 18 Chocolate Gift Box, Hug Day gifts "
3037,,true,false,admin, Pears Soap Transparent Gentle Care 125 G 
3040,,false,true,admin, SANKET Fennel Seed/SAUNF Seed/VARIYALI -1KG 
3059,,true,false,admin," Vegetal Anti Acne Cream, 20g "
3060,mercury,false,false,admin,
3073,sympathy,false,false,admin,
3076,,false,true,admin, Chocholik Rakhi Gift Box - My Big Bro is Awesome Chocolate Box for Brother - 20pc 
3081,reproduce,false,false,admin,
3088,loading,false,false,admin,
3094,,true,false,admin, Palmers Set of 2 (Nursing Butter+Firming Butter) with Ayur Product in Combo 
3108,,false,true,admin, NEW EL Advanced Night Repair Eye Synchronized Complex II 15ml Womens 
3121,,true,false,admin, Generic Stealth Firming Mask Remove Rim The Eye Pouch Fade Fine Lines Anti-Aging Facial Moisture Mask 
3129,,false,true,admin, khadi Orange and saffron Face wash 200ml each (pack of 2) 
3141,bury,false,false,admin,
3151,facet,false,false,admin,
3152,remove,false,false,admin,
3154,,true,false,admin, SIDDHISALES Buy Rakhi Set Online for Brother 
3164,motorboat,false,false,admin,
3165,,true,false,admin, Royal Beauty OneSpring Baby Skin Facial Cleanser Moisturizer Deep Cleansing Rich Foaming Shrink Pores Oil Control Blackhead Remover Skin Care 
3166,,false,true,admin, Chocholik New Year Gift Box - New Year is A Notebook That Needs to Be Filled with Joy and Laughter Chocolate Box - 20pc 
3168,instant,false,false,admin,
3187,,false,true,admin," Natio Wellness Bath and Shower Gel, 275ml "
3199,qualification,false,false,admin,
3200,jute,false,false,admin,
3208,drunk,false,false,admin,
3210,crocodile,false,false,admin,
3212,wholesale,false,false,admin,
3219,pass,false,false,admin,
3223,sediment,false,false,admin,
3225,,true,false,admin, Barielle Nails Protein Rebuilding Base Coat 
3227,drama,false,false,admin,
3238,,true,false,admin, Saa Herbal Transparent Hair Oil 200ml 
3257,standpoint,false,false,admin,
3262,parsnip,false,false,admin,
3263,spec,false,false,admin,
3277,beat,false,false,admin,
3280,,true,false,admin, Heilen Biopharm Titanium Dioxide Powder (100 gram / 3.5 oz / 0.22 lbs) 
3289,,true,false,admin, PINK PLUMS Papaya Facial Gel and Cool Mint Massage Cream With Vitamin E 250 ml Each (PACK OF 2) 
3301,misogyny,false,false,admin,
3302,icicle,false,false,admin,
3313,adrenaline,false,false,admin,
3337,,true,false,admin, Origins Ginger Burst Savory Body Wash 1.7 Fl.oz/ 50 Ml 
3351,,true,false,admin, Miracle Leave-In Lite 120ml/4oz 
3378,guide,false,false,admin,
3384,,true,false,admin, Generic 3PCS/lot Fresh Fruit Hand Cream Moisturizing Anti Aging Anti-chapping Whitening Nourish Hand Lotion Creams For Hands Skin Care 
3385,,false,true,admin, Lipster Medicated Lip Balm with 1% Hydrocortisone (6 pack) 
3391,creator,false,false,admin,
3431,,true,false,admin," Home of Spices Afghani Organic Saffron (Kesar, Premium A+ Grade Saffron Threads) 1gm "
3436,right,false,false,admin,
3446,bloodflow,false,false,admin,
3451,package,false,false,admin,
3472,,false,true,admin, Heinz PloughmanS Pickle 280G 2-Pack 
3485,define,false,false,admin,
3491,,true,false,admin, AL RIFAI Party Mix |Roasted Salted Nuts & kernels 300g 
3492,puffin,false,false,admin,
3496,side,false,false,admin,
3510,view,false,false,admin,
3511,,false,true,admin, Generic Effective Anti Wrinkle Eye Face Pads Reusable Face Lifting Invisible Skin Care face Silicone Mask Multi Style: as shown 
3539,harass,false,false,admin,
3543,,true,false,admin," Attar Sandalia No. 1, Pure Extract Perfume Oil 6mL by DUKHNI | Expressive Sandalwood with a hint of Deep Tobacco blended to slowly release a fantastic Sandal fragrance | Alcohol Free, Natural, Vegan & Pure - for Men and Women | by Dukhni Artisnal Attars "
3549,pagoda,false,false,admin,
3553,puffy,false,false,admin,
3556,zone,false,false,admin,
3560,,true,false,admin," Urban Platter Cold-Pressed and Extra Virgin Avocado Oil, 250ml "
3572,,true,false,admin, BT Boericke and Tafel USA Calendula and Aloe Vera Multipurpose Cream (100g) - Pack of 2 
3575,guiltless,false,false,admin,
3577,swivel,false,false,admin,
3589,corduroy,false,false,admin,
3596,eardrum,false,false,admin,
3616,,false,true,admin, ShopUSAIndia BITE BEAUTY The Lip Pencil - COLOR: 012 - plum with taupe - Sale 
3624,substantial,false,false,admin,
3631,consignment,false,false,admin,
3638,,true,false,admin," Eastern Chilly Powder(250 g), Turmeric Powder(250 g), Coriander Powder(100 g) (Pack of 3) "
3685,,false,true,admin, Sri Satymev Whole Dry Amla-Ritha-Shikakai For Hair 300G 
3696,,false,true,admin, shrinika Hair Bonnet Hair Steamer Women Laser High Elasticity shower caps (Black) 
3697,,false,true,admin, True Derma Essentials Tan Removal Cleanser + Citrus Orange Peel off Mask (Paraben & Sulfate Free)-Pack of 2-100 ml 
3700,faucet,false,false,admin,
3718,decongestant,false,false,admin,
3723,,true,false,admin," Bio Creative Lab Spa Sugar Scrub, Lavender, 16 Ounce "
3729,linguistics,false,false,admin,
3731,fly,false,false,admin,
3736,,false,true,admin," Vasana Pepper Rasam Paste and Hot onion Pickle, 300 grams (Combo of 2) "
3777,jog,false,false,admin,
3781,,true,false,admin, Pure Skin Care Black Rice Cream Cleanser 8.4 fl oz 
3800,command,false,false,admin,
3804,story,false,false,admin,
3811,,true,false,admin, Greenwood Essential Pure Bay Laurel Leaf Essential Oil (Laurus nobilis) with Glass Dropper 100% Natural Therapeutic Grade Steam Distilled 100ml 
3822,,false,true,admin, Nutriglow Deep Exfoliation Unique Oil Control Formula - Skin Essential/Diamond Dust Vitamin E - Women Skin Solution 
3828,cockroach,false,false,admin,
3835,tax,false,false,admin,
3846,sideboard,false,false,admin,
3850,finance,false,false,admin,
3866,scrim,false,false,admin,
3868,,false,true,admin, LEE KUM KEE Sauce Teriyaki (250 g) 
3870,flaky,false,false,admin,
3872,,false,true,admin," Sky Beauty Organic Anti Dandruff Shampoo for Hair fall rescue & growth No Sulphate, Parabens & Silicones(200ml) "
3884,mat,false,false,admin,
3906,,false,true,admin, SLB Works Nail Art Sanding Files Block Sponge Grit Salon School Tool 200/240 Pink O3N H&T 
3907,,true,false,admin, Color Proof Super Rich Moisture Shampoo 2 oz 
3916,,false,true,admin, VALVETREE CLARIFYING SHAMPOO PRE-TREATMENT 
3923,invent,false,false,admin,
3926,,true,false,admin, CHOCOCRAFT - Rakhi gift ideas - Happy Rakshabandhan gift - 12 Chocolate gift Box with Rakhi 
3935,station,false,false,admin,
3946,proliferation,false,false,admin,
3948,,false,true,admin, ZANABILI Face Masks Moisturizing Oil Control Natural Essence Whitening-Rose 
3966,handful,false,false,admin,
3967,wisteria,false,false,admin,
3968,fledgling,false,false,admin,
3978,,false,true,admin, Hip Peas Natural Hair Conditioner (8 Fl Oz / 236 Ml) 
3982,transformation,false,false,admin,
3983,,true,false,admin, Zuri Cream Makeup Tender Brown by Zuri 
3985,,true,false,admin," Axcel Instant Coffee Cup, Pack of 3-35g "
3990,,true,false,admin, Ancient Healer 100% Natural Cassia Essential Oil (250) 
4015,,true,false,admin," Certain Dri DSE AM Antiperspirants, 2.6 oz "
