"id","query","liked_post","has_messaged","username","post"
"23","vegetation","False","False","TonyChopper","null"
"35","","False","True","TonyChopper"," Everin Nutri High Protein and Healthy SOYA Granules Combo Pack of 3 (200g Each) "
"39","mask","False","False","TonyChopper","null"
"47","","False","True","TonyChopper"," Ayur Deep Pure Cleansing Milk 100 ML(Pack of 3) "
"50","chestnut","False","False","TonyChopper","null"
"60","","True","False","TonyChopper"," Congratulation gift baskets - 9 Chocolate Gift Box - Congrats gifts for men "
"61","scream","False","False","TonyChopper","null"
"64","stump","False","False","TonyChopper","null"
"69","","False","True","TonyChopper"," Grandma Agro California Jumbo Almonds, 200 Grams "
"72","","False","True","TonyChopper"," CHOCOCRAFT, great valentines day ideas, 6 Chocolate Gift Box, customised chocolates for your love "
"76","","False","True","TonyChopper"," Khadi Natural Orange and Lemongrass Hair Conditioner, 210 ml "
"98","premium","False","False","TonyChopper","null"
"115","","True","False","TonyChopper"," Palmers Palmer s Cocoa Butter Jar With Vitamin-E, 7.25 oz, 3 Piece "
"126","faith","False","False","TonyChopper","null"
"129","slice","False","False","TonyChopper","null"
"144","","False","True","TonyChopper"," Khadi Herbal Premium Aloevera & Neem Cleansing Milk Natural Antiseptic (Pack of 4x210 ml) "
"159","canal","False","False","TonyChopper","null"
"169","","True","False","TonyChopper"," Ferragamo Acqua Essenziale Blue Eau de Toilette, 50ml "
"185","","False","True","TonyChopper"," Generic 5 in 1 Electric Face Facial Massager Skin Pore Cleaner Beauty Massage Brush "
"189","","False","True","TonyChopper"," FX Molding Wax 2 Ounce "
"203","","False","True","TonyChopper"," Bogatchi Happy Birthday Personalized Gift Photo Chocolate with California Almonds for Mother, Chocoframe, Chocolate Photo Frames, Chocolate Photo Plaque (Edible), Wt.- 80G, Sz. - (15Cm X 7Cm) "
"204","","False","True","TonyChopper"," Ban Antiperspirant amd Deodorant Roll On, Unscented. 3.5 Oz "
"218","steer","False","False","TonyChopper","null"
"219","","True","False","TonyChopper"," Thymes - Neroli Sol Luxurious Bath Soap - Naturally Conditioning Bar Soap With Refreshing Coconut Scent - 6 Ounce "
"231","puzzled","False","False","TonyChopper","null"
"232","ranger","False","False","TonyChopper","null"
"237","researcher","False","False","TonyChopper","null"
"257","cast","False","False","TonyChopper","null"
"258","","True","False","TonyChopper"," Generic Heenplus 28 bags Strong Mans Tea for Male Enahncement "
"264","arrive","False","False","TonyChopper","null"
"269","","True","False","TonyChopper"," Pure Lavender Floral Water (Hydrosol) (Lavandula Augustifolia) for Face, Skin and Hair 100% Natural Therapeutic Grade 100ml "
"280","actress","False","False","TonyChopper","null"
"309","fireplace","False","False","TonyChopper","null"
"327","lute","False","False","TonyChopper","null"
"335","","True","False","TonyChopper"," Chocholik Diwali Sweets - Have A Colorful and Sparkling Deepawali Chocolate Box - 20pc "
"339","","False","True","TonyChopper"," Ganpatjee Sweet Chutney Powder 100g * 2pc "
"344","","True","False","TonyChopper"," DeArco Chocolatier Dark Chocolate Bar, 30% Dark Chocolate with Almonds, 80G "
"351","disadvantage","False","False","TonyChopper","null"
"364","","False","True","TonyChopper"," Kraft Jet-Puffed Marshmallows Miniature, 10 Oz "
"381","","False","True","TonyChopper"," Stockout TOO FACED Born This Way Super Coverage Multi-Use Sculpting Concealer - COLOR: Porcelain - very fair neutral - Standard size: Natural finish "
"389","","True","False","TonyChopper"," SWD Prime Pvc Fitness Swear Slimming Loss Weight Sauna Suit Exercise Gym Cloth "
"412","raven","False","False","TonyChopper","null"
"420","","False","True","TonyChopper"," Natural Care Fluffy Fabric Softener -1 Liters "
"426","","False","True","TonyChopper"," Blistex Lip Ointment Medicated 0.35 Oz (Pack Of 9) "
"427","","False","True","TonyChopper"," Deccan ACHAR Lime Pickle - 250 GMS "
"440","logistics","False","False","TonyChopper","null"
"443","","False","True","TonyChopper"," Deve Herbes Pure Chironji Oil (Buchanania latifolia) Therapeutic Grade Cold Pressed 50ml "
"468","synod","False","False","TonyChopper","null"
"477","trapezium","False","False","TonyChopper","null"
"485","tatami","False","False","TonyChopper","null"
"507","candy","False","False","TonyChopper","null"
"514","leptocephalus","False","False","TonyChopper","null"
"534","","True","False","TonyChopper"," MSC095040 - Medline MedSpa Baby Bath,59.00 ML "
"543","peacoat","False","False","TonyChopper","null"
"547","era","False","False","TonyChopper","null"
"564","","False","True","TonyChopper"," EXOTIX FRAGRANCE ATTAR SHAMAMMA/15ML/PREMIUM PACKAGING/GIFT PACK/EXCLUSIVE FRAGRANCE/NATURAL & PURE ATTAR/NO ALCOHOL "
"568","drag","False","False","TonyChopper","null"
"569","","True","False","TonyChopper"," D-CENT Peach Hand Wash Liquid 1 Ltr (Orange) Pack of 15 "
"574","","True","False","TonyChopper"," 3D Eye Mask "
"583","concentrate","False","False","TonyChopper","null"
"592","atmosphere","False","False","TonyChopper","null"
"594","","False","True","TonyChopper"," Schwartz Garlic & Herb Wedges Recipe Mix 38G "
"601","crewman","False","False","TonyChopper","null"
"617","","True","False","TonyChopper"," Leeve Dry Fruits Ultra Premium Apricot, 800g "
"626","temptation","False","False","TonyChopper","null"
"630","suit","False","False","TonyChopper","null"
"634","patio","False","False","TonyChopper","null"
"636","mature","False","False","TonyChopper","null"
"639","anteater","False","False","TonyChopper","null"
"648","","True","False","TonyChopper"," PiKSTUDiO PURE Eau De Parfum (100 ML) Perfume "
"661","markup","False","False","TonyChopper","null"
"683","","False","True","TonyChopper"," Lotus Moon Flower Nectar Leave-in Hair Conditioner - 6 oz - natural hair detangling leave-in treatment "
"685","","False","True","TonyChopper"," Khadi Natural Sandalwood & Kesar Moisturizer 210 Ml (Set of 2) "
"716","become","False","False","TonyChopper","null"
"753","","False","True","TonyChopper"," LAction Paris (France) Cuticle Pen | Repairs Damaged Cuticles "
"755","","True","False","TonyChopper"," World Beautys New 30ml Apple Stem Cell Serum Hyaluronic Acid Liquid Lock Water Moisturizing Rejuvenation Anti Aging Wrinkle Beauty Salon Equipment "
"756","","True","False","TonyChopper"," The Crunch Box Creamy Cappuccino Bites Popcorn Large Box (Pack of 2) - 520 GMS "
"780","bed","False","False","TonyChopper","null"
"781","","False","True","TonyChopper"," OLIVE OIL - 100 ML by HOLY NATURAL "
"785","style","False","False","TonyChopper","null"
"806","vivo","False","False","TonyChopper","null"
"814","rowing","False","False","TonyChopper","null"
"819","gun","False","False","TonyChopper","null"
"824","","False","True","TonyChopper","Purple water bottle"
"828","anagram","False","False","TonyChopper","null"
"836","chunky","False","False","TonyChopper","null"
"837","total","False","False","TonyChopper","null"
"846","gliding","False","False","TonyChopper","null"
"859","tracksuit","False","False","TonyChopper","null"
"875","","True","False","TonyChopper"," Generic 100 Beauty Recipes. Face night cream "
"897","","True","False","TonyChopper"," Femme Couture Get Corrected CC Tinted Moisturizer Tan "
"898","","False","True","TonyChopper"," Generic BAIMISS Tearing Mask Face Care Pore Strip Black Mask Peeling Acne Treatment Nose Mask Deep Cleansing Skin Care "
"902","","True","False","TonyChopper"," Kitchenwale Black Urad Whole / Sabut (500g) "
"906","","True","False","TonyChopper"," Fashlady Pink: Comedo Blackhead Vacuum Suction Diamond Removal Wrink Acne Pore Peeling Face Clean Facial Skin Care Beauty Machine "
"916","disability","False","False","TonyChopper","null"
"917","quiet","False","False","TonyChopper","null"
"919","headache","False","False","TonyChopper","null"
"922","scent","False","False","TonyChopper","null"
"930","skinny","False","False","TonyChopper","null"
"931","nose","False","False","TonyChopper","null"
"933","dwelling","False","False","TonyChopper","null"
"939","","True","False","TonyChopper"," Esraa Perfume Oil by Rasasi - 30 ml by Rasasi "
"948","","False","True","TonyChopper"," The Body Care Anti Blemish Face Pack, 500 g "
"952","","False","True","TonyChopper"," BeautyNeeds 1pair Silicone Gel Anti-slip Insoles for High heel Shoes corrector Pain Relief Toes Pads socks boat moisturizer anti-cracking U4 "
"1011","diffuse","False","False","TonyChopper","null"
"1030","","True","False","TonyChopper"," Agrophilia Pumpkin Seeds (Table top Pack of 2) AAA Grade "
"1039","","False","True","TonyChopper"," Lavender, Rosemary, Thyme & Mint Body Lotion "
"1044","doorknob","False","False","TonyChopper","null"
"1055","tractor","False","False","TonyChopper","null"
"1077","","False","True","TonyChopper"," Generic Disaar aloe vera sunblock cream whitening skin SPF 60 Moisturizing prevent sun-damaged BB cream "
"1078","type","False","False","TonyChopper","null"
"1084","","True","False","TonyChopper"," Radiance by Britney Spears, Eau De Parfum Spray, 0.5-Ounce "
"1087","concerned","False","False","TonyChopper","null"
"1095","","False","True","TonyChopper"," Fashlady blonde: servich 100g hair building fibers refill bag+ 25g empty bottle + applicator hair thickener fuller hair loss treatment 10 colours "
"1104","combination","False","False","TonyChopper","null"
"1108","headline","False","False","TonyChopper","null"
"1124","deduction","False","False","TonyChopper","null"
"1133","","False","True","TonyChopper"," Seeds Of Change Quinoa Brown & Red Rice "
"1146","strawberry","False","False","TonyChopper","null"
"1159","interpret","False","False","TonyChopper","null"
"1168","fen","False","False","TonyChopper","null"
"1169","partridge","False","False","TonyChopper","null"
"1179","","True","False","TonyChopper"," Gardens of Aroma - Bitter Almond Essential Oil 10ml. Pumkinseed Essential Oil 10ml "
"1182","cowardly","False","False","TonyChopper","null"
"1192","","False","True","TonyChopper"," BeautyNeeds Men Women new Sports Ankle ANcracked Socks Heel Pain Cushion Silicone Silicone Gel Sock Heel Cap Sock Moisturizing Ankle Sock "
"1203","","False","True","TonyChopper"," Chocholik I Was Born To Love You 9-Piece Chocolate Box "
"1208","sesame","False","False","TonyChopper","null"
"1210","","True","False","TonyChopper"," Chocholik Gift Box - Follow Your Heart Chocolate Box - 9pc "
"1237","","False","True","TonyChopper"," Nyassa Best of Nyassa Gift Set, 750g (5 Pieces) "
"1239","","True","False","TonyChopper"," Seventh Generation Purely Clean Hand Wash, Fresh Lemon and Tea Tree, 12 Ounce "
"1254","toy","False","False","TonyChopper","null"
"1264","","True","False","TonyChopper"," Lindt Lindor Irresistibly Smooth Extra Dark Chocolate, 100gm - (Pack of 2) "
"1267","creepy","False","False","TonyChopper","null"
"1288","","False","True","TonyChopper"," Josie Maran Argan Infinity Lip and Cheek Creamy Oil in Forever Rose "
"1291","suit","False","False","TonyChopper","null"
"1292","","True","False","TonyChopper"," Cero DISHCLEAN High Lather Liquid Dish Soap (200ml) "
"1301","","False","True","TonyChopper"," BuyChoice Snail Cream Day Cream Face Cream Acne Treatment Moisturizing Anti Wrinkles "
"1303","tuxedo","False","False","TonyChopper","null"
"1311","committee","False","False","TonyChopper","null"
"1313","divine","False","False","TonyChopper","null"
"1314","lobby","False","False","TonyChopper","null"
"1328","","False","True","TonyChopper"," bigeye Classic Double-Sided Scrubber Shower Bath Brush Helper Grip Handle Exfoliation Body Skin Rubbing(None Green) "
"1353","bizarre","False","False","TonyChopper","null"
"1358","","True","False","TonyChopper"," KamaSutra One XX (120ml) and One (150ml) Deodorant Body Spray (XX-Spark) (Pack of 2) "
"1369","wash","False","False","TonyChopper","null"
"1374","","True","False","TonyChopper"," Generic 100%Original Australia Intensive Moisturizing Day Cream Face cream for Stressed tired dry skin Effective Plant-based moisturizer "
"1395","blessing","False","False","TonyChopper","null"
"1400","","True","False","TonyChopper"," GSEVENTY0NE pink, XL: Slimming Belt sashes shapewear body shaper waist trainer corsets waist trainer Slimming Belt Belly waist belt Corset slimming "
"1424","","False","True","TonyChopper"," Homely Pink Mirror Acrylic Nails Metallic Short Full Wrap Nail Art Decoration Women Salon Tips Manicure without Glue Sticker N24 : chocolate "
"1426","","False","True","TonyChopper"," Khadi Natural Herbal Shikakai Cleanser (Shampoo), 210ml "
"1436","haircut","False","False","TonyChopper","null"
"1443","","True","False","TonyChopper"," Midiron Gift for Sister, Coffee Mug with 20 Piece Chocolate in Decorative Pouch and Greeting Card( Multicolor) "
"1447","","False","True","TonyChopper"," EVLOGIA Unisex Hair Cleanser (200ml) + Hair Conditioner (200ml) COMBO "
"1449","temporariness","False","False","TonyChopper","null"
"1454","maggot","False","False","TonyChopper","null"
"1460","long","False","False","TonyChopper","null"
"1474","","False","True","TonyChopper"," Rakhi wishes - Unique gift idea for rakhi - 6 Chocolate Box with Rakhi "
"1481","membership","False","False","TonyChopper","null"
"1511","","True","False","TonyChopper"," Eid mubarak gifts - 12 Chocolate Gift Box - Muslim gifts "
"1523","tiara","False","False","TonyChopper","null"
"1529","","False","True","TonyChopper"," Shrinika 5 In 1 Electric Face Facial Cleansing Brush Spa Mini Skin Care "
"1539","","True","False","TonyChopper"," Gardens of Aroma - Arachis Essential Oil 10ml. Patchouli Essential Oil 10ml "
"1543","doubtful","False","False","TonyChopper","null"
"1549","","True","False","TonyChopper"," Yes To Carrots Moisturizing Body Lotion, 12 Fl Oz + Cucumber Soothing Body Wash, 16.9 Fl Oz + LA Cross Tweezers 71817 "
"1553","characterization","False","False","TonyChopper","null"
"1566","","True","False","TonyChopper"," Sfu E Com Ferrero Rocher 24 Pcs With Cadbury Chocolate Gift Hamper "
"1569","city","False","False","TonyChopper","null"
"1577","","False","True","TonyChopper"," BeautyNeeds Soften SPA Gel Boat Socks Feet Care Women 5 Fingers Socks Women Skin Anti-cracking Moisturizing Pedicure Socks 1Pair "
"1586","speculation","False","False","TonyChopper","null"
"1589","agency","False","False","TonyChopper","null"
"1592","","False","True","TonyChopper"," Swan Petroleum Jelly, 13 Ounce "
"1595","click","False","False","TonyChopper","null"
"1656","system","False","False","TonyChopper","null"
"1661","likeable","False","False","TonyChopper","null"
"1665","linseed","False","False","TonyChopper","null"
"1667","definition","False","False","TonyChopper","null"
"1674","","True","False","TonyChopper"," Dr. Hauschka Facial Toner, 3.4-Ounce Box "
"1685","","True","False","TonyChopper"," Seaweed Shaving Soap 60g WQ-849 "
"1699","necessity","False","False","TonyChopper","null"
"1701","visual","False","False","TonyChopper","null"
"1703","communion","False","False","TonyChopper","null"
"1740","","False","True","TonyChopper"," PatakS Major Grey Chutney, 12 Oz "
"1754","","False","True","TonyChopper"," Khadi Natural Ayurvedic Greentea Aloevera Hair Conditioner, 210ml and Khadi Natural Herbal Amla Bhringraj Shampoo/Cleanser, 210ml "
"1764","bore","False","False","TonyChopper","null"
"1767","wish","False","False","TonyChopper","null"
"1770","lawyer","False","False","TonyChopper","null"
"1783","","True","False","TonyChopper"," VOLT HOME Eco Friendly Laundry Fragrance Booster Scent Beads For Fresh Soft & Delightful-Smelling Clothes; 350 g ; Morning Dew … "
"1787","","True","False","TonyChopper"," Organic Harvest Anti-Acne Face Sheet Mask, 20g (Pack of 2) "
"1789","","True","False","TonyChopper"," World Beautys New Strawberry Peeling Face Mask Pore Strip Blackhead Remover Nose Mask Black Mask Acne Treatment Sebum Purifuing Mask Skin Care "
"1797","passport","False","False","TonyChopper","null"
"1810","","False","True","TonyChopper"," BeautyNeeds Fixer Foot Nail Care Toe Pedicure Recover Correction Nail Orthosis Appliance "
"1811","raspberry","False","False","TonyChopper","null"
"1827","","False","True","TonyChopper"," Stockout TOO FACED Born This Way Super Coverage Multi-Use Sculpting Concealer - COLOR: Natural Beige - light medium neutral - Natural finish "
"1857","","False","True","TonyChopper"," ShopUSAIndia ESTÉE LAUDER Double Wear Stay-in-Place Foundation - COLOR: 2N2 Buff - light medium with neutral, subtle golden undertones - Matte finish "
"1877","justice","False","False","TonyChopper","null"
"1883","","True","False","TonyChopper"," Stockout Estee Lauder Pure Color Envy Paint-On Liquid Matte LipColor - 302 Juiced Up "
"1887","unbiased","False","False","TonyChopper","null"
"1890","macho","False","False","TonyChopper","null"
"1919","","False","True","TonyChopper"," Amika Hydrate Conditioner (For All Hair Types)- 300ml/10.1oz "
"1921","mail","False","False","TonyChopper","null"
"1927","octagon","False","False","TonyChopper","null"
"1938","injure","False","False","TonyChopper","null"
"1953","","True","False","TonyChopper"," Bawa Masala Company Garam Masala (500g) "
"1955","","True","False","TonyChopper"," Exotix Fragrance Real Lotus perfume for men and women under 599 50ml "
"1961","","False","True","TonyChopper"," Comodynes 1 Pack Make Up Remover Towelettes for Sensitive & Dry Skin (20 Towelettes) "
"1970","","True","False","TonyChopper"," [secretKey] Snail Repairing Toner 150ml "
"1975","","False","True","TonyChopper"," Philosophy Renewed Hope Hydrating Mask - Give Skin the Moisture Boost - 4 Oz "
"1993","","False","True","TonyChopper"," Al-Nuaim Zam Zam Attar Pack of 4 (6 ml Each) "
"2000","gray","False","False","TonyChopper","null"
"2013","fanny-pack","False","False","TonyChopper","null"
"2027","","True","False","TonyChopper"," Gardens of Aroma - Malkangani Essential Oil 10ml. Amla Essential Oil 10ml "
"2044","moai","False","False","TonyChopper","null"
"2061","","True","False","TonyChopper"," 7th Heaven Charcoal Detox Bubble Mask Pack of 2 "
"2063","independence","False","False","TonyChopper","null"
"2089","urge","False","False","TonyChopper","null"
"2090","seaside","False","False","TonyChopper","null"
"2097","","False","True","TonyChopper"," Savon de Marseille Bath Soap Bars Gift Set - Rose Peony & Cherry "
"2111","objective","False","False","TonyChopper","null"
"2127","pathology","False","False","TonyChopper","null"
"2132","celebration","False","False","TonyChopper","null"
"2137","hygienic","False","False","TonyChopper","null"
"2160","keep","False","False","TonyChopper","null"
"2166","","True","False","TonyChopper"," ShopUSAIndia SEPHORA COLLECTION Fold-Out Organizer "
"2167","","True","False","TonyChopper"," ShopUSAIndia SEPHORA COLLECTION Hold it Together Blow Dry Clips "
"2169","","True","False","TonyChopper"," UNITONE 4 white advanced ISIS Pharma "
"2172","","False","True","TonyChopper"," New Leaf UltraClear Melt and Pour Soap Base 1 KG "
"2192","nucleotidase","False","False","TonyChopper","null"
"2193","draw","False","False","TonyChopper","null"
"2200","","False","True","TonyChopper"," Natural Citronella Essential Oil(15ml) "
"2216","fishmonger","False","False","TonyChopper","null"
"2220","marionberry","False","False","TonyChopper","null"
"2224","boxspring","False","False","TonyChopper","null"
"2240","smiling","False","False","TonyChopper","null"
"2255","","True","False","TonyChopper"," Vidal Sassoon Pro Series Restoring Repair Conditioner 25.3 Fluid Ounce "
"2257","","True","False","TonyChopper"," Stockout Colourpop JAM SESH "
"2258","","False","True","TonyChopper"," Storck Werthers Original Cream Candies Sugar Free, 70g "
"2267","skip","False","False","TonyChopper","null"
"2269","","False","True","TonyChopper"," 3W Clinic Red Ginseng Gold Whitening Cream - 50ml/1.7oz "
"2273","primary","False","False","TonyChopper","null"
"2274","yeast","False","False","TonyChopper","null"
"2282","aggradation","False","False","TonyChopper","null"
"2312","","False","True","TonyChopper"," Generic MenS Sexy Vest Body Slimming Fatty Tummy Shaper Underwear Corset, Size And Chest: Xl: 56""-63"" "
"2325","tom-tom","False","False","TonyChopper","null"
"2331","lobotomy","False","False","TonyChopper","null"
"2332","relative","False","False","TonyChopper","null"
"2333","","False","True","TonyChopper"," Patanjali Virgin Coconut Oil, 500ml "
"2337","wave","False","False","TonyChopper","null"
"2345","","False","True","TonyChopper"," BuyChoice Face Cream Acne Treatment Moisturizing Skin Care Acne Remover "
"2359","manacle","False","False","TonyChopper","null"
"2376","","False","True","TonyChopper"," HerbtoniQ 100% Natural Jatamansi Powder 150g, Hibiscus Flower Powder 150g, Bhringraj Leaf Powder 150g, Brahmi Leaf Powder 150g For Hair Treatment Pack (Pack Of 4, 600g) "
"2377","","False","True","TonyChopper"," DeArco Chocolatier Dearco Chocolatier Chocolate Gift Box, Rakhi Chocolate For Brother, Luxury Rakhi Gift, Premium Rakhi Gift Chocolates, Dark Chocolates, Rakhi With Chocolates, Decadent, French Luxury, 20 Pieces "
"2391","skating","False","False","TonyChopper","null"
"2401","","True","False","TonyChopper"," Christmas gifts for boyfriend - 18 Chocolate Gift Box - Christmas items "
"2408","whelp","False","False","TonyChopper","null"
"2418","","False","True","TonyChopper"," Kama Sutra Spark Deodorants for Men -260 ml Each (Pack of 3) "
"2426","","False","True","TonyChopper"," Stockout SEPHORA COLLECTION Vivid Earth Eye Palette - COLOR: Canyon Ground "
"2436","cloakroom","False","False","TonyChopper","null"
"2440","","True","False","TonyChopper"," Tjori Perineal Massage Oil, 100 ml "
"2443","defense","False","False","TonyChopper","null"
"2458","","True","False","TonyChopper"," Urban Platter Demerara Sugar, 1Kg / 35.2oz [Aromatic, Crunchy & Ideal for Dessert Topping] "
"2459","","False","True","TonyChopper"," Vagads Khadi Aloe Vera Face Pack "
"2462","","False","True","TonyChopper"," Liberty International 100% Organic Herbal Multani Mitti (227G) Organic Certified GM10202 "
"2463","","True","False","TonyChopper"," Rakshabandhan Chocolates for brother with Rakhi - 9 Chocolate Gift Box - ""For my brother"" Chocolates "
"2467","spike","False","False","TonyChopper","null"
"2476","institution","False","False","TonyChopper","null"
"2483","failure","False","False","TonyChopper","null"
"2492","","True","False","TonyChopper"," Sedra Perfume Spray By Al Haramain - 50ml Kivalo Ⓡ "
"2507","announce","False","False","TonyChopper","null"
"2512","","True","False","TonyChopper"," B&T Refreshing Cool Bathing Bar, 75 gm [ Pack of 12] "
"2527","","True","False","TonyChopper"," Natures White Rose Under Eye Gel "
"2529","","True","False","TonyChopper"," CANDYCORNER ""Smile Face Birthday"" ( 12 CHOCOLATE BOX ) - with ""Assorted "" Candies Unique gift for HAPPY BIRTHDAY "
"2530","monotheism","False","False","TonyChopper","null"
"2550","sloth","False","False","TonyChopper","null"
"2561","accurate","False","False","TonyChopper","null"
"2564","lamb","False","False","TonyChopper","null"
"2576","","False","True","TonyChopper"," Brut Deodorant, Round Solid, 2.5 Ounces (Pack Of 6) "
"2581","vomit","False","False","TonyChopper","null"
"2593","","False","True","TonyChopper"," Dhawak Seedless Tamarind -1.8 Kg. (Premium Quality) "
"2606","","False","True","TonyChopper"," Gold Bond Ultimate Intensive Healing Hand Cream 3 oz (85 g) Pack of 5 "
"2619","devil","False","False","TonyChopper","null"
"2632","","False","True","TonyChopper"," Generic Blue Blueberry: Horec 4colors Hand Cream Mini Cute Perfumed Moisturizing Anti Aging Whitening Anti-Chapping Smooth Nourishing Lotion Hand Care "
"2634","","False","True","TonyChopper"," CHOCOCRAFT, Holi gift for corporate, 18 Chocolate Gift Box, chocolate for holi "
"2639","","False","True","TonyChopper"," Pevonia Ligne Soleil After Sun Soothing Gel, 5 Ounce "
"2644","populist","False","False","TonyChopper","null"
"2649","","False","True","TonyChopper"," BAIMISS Snail Serum Seaweed Repair Face Mask Skin Care Acne Treatment "
"2676","bonding","False","False","TonyChopper","null"
"2685","","True","False","TonyChopper"," DeArco Chocolatier Chocolate Gift Box, Dark Chocolates, Premium Chocolates, Choco Tendance, French Luxury, 20 Pieces "
"2687","eatable","False","False","TonyChopper","null"
"2698","","False","True","TonyChopper"," Ks Essentials 100% Pure Onion Essential Oil (Allium cepa) 100% Natural Therapeutic Grade 15ml "
"2713","rooster","False","False","TonyChopper","null"
"2737","","True","False","TonyChopper"," Rodial Size Zero - 300ml/10.1oz "
"2741","freedom","False","False","TonyChopper","null"
"2753","","True","False","TonyChopper"," KHADI SANDALWOOD+ALOEVERA SKIN CREAM 2IN1 PACK "
"2764","ram","False","False","TonyChopper","null"
"2768","","False","True","TonyChopper"," 3-in-1 Facial Cleansing Kit "
"2776","shortage","False","False","TonyChopper","null"
"2777","","True","False","TonyChopper"," Nawabs Secret Meat Masala, 50gm[Pk of 2] "
"2788","aftermath","False","False","TonyChopper","null"
"2790","boast","False","False","TonyChopper","null"
"2819","opposition","False","False","TonyChopper","null"
"2825","street","False","False","TonyChopper","null"
"2829","","True","False","TonyChopper"," CHOCOCRAFT, gift valentines day, 6 Chocolate Gift Box, chocolate gift for valentines "
"2830","","False","True","TonyChopper"," VAADI HERBALS Value Pack of 3 Amla Shikakai Shampoo-Hairfall & Damage Control (110mlx3) "
"2842","euphonium","False","False","TonyChopper","null"
"2847","","True","False","TonyChopper"," Futurekart Deep Pore Cleaning Face Cleansing Exfoliating Brush Facial Wash Massage Soft Scrubber Bamboo Fiber Double Sided "
"2854","","True","False","TonyChopper"," Sheer Dish Cleaning Gel Lemon (200ml each) "
"2857","career","False","False","TonyChopper","null"
"2867","smith","False","False","TonyChopper","null"
"2868","fluttering","False","False","TonyChopper","null"
"2878","monster","False","False","TonyChopper","null"
"2888","","True","False","TonyChopper"," Shellys Premium Ghee(100ml) and Desher Authentic Bengali Sona Moong Dal(1kg) "
"2890","","True","False","TonyChopper"," Junetics Pure Energy Vitamin C Power Mask, 3.5 Ounce "
"2892","sister-in-law","False","False","TonyChopper","null"
"2898","","True","False","TonyChopper"," Aryanveda Unisex APS Papaya Facial Kit All Skin Type (510 gm) "
"2901","","False","True","TonyChopper"," VLCC Specifix Professional Anti Tan Pack, 200g "
"2906","","False","True","TonyChopper"," BoldnYoung (35g/pcs) Bath and Shower Sponge Loofahs Exfoliating Puff - Great for Body Wash "
"2911","","False","True","TonyChopper"," Moms Pantry Home Made Dates Chutney 300g "
"2918","abhorrent","False","False","TonyChopper","null"
"2935","scraper","False","False","TonyChopper","null"
"2948","","False","True","TonyChopper"," Branded SLB Works New Silicone Gel Heel Protector Squishy Painless Anti-cracking Cushion Pad "
"2952","fiesta","False","False","TonyChopper","null"
"2960","hypnotic","False","False","TonyChopper","null"
"2961","mix","False","False","TonyChopper","null"
"2964","","False","True","TonyChopper"," Best gift for new year - 18 Chocolate Gift Box - chocolates for 2017 "
"2982","whirl","False","False","TonyChopper","null"
"2988","","True","False","TonyChopper"," CHOCOCRAFT, gifts for valentines day, 9 Chocolate Gift Box, chocolate gift for valentines day "
"2995","eat","False","False","TonyChopper","null"
"2997","","True","False","TonyChopper"," Neev Avocado Oil - 50ml "
"3006","","False","True","TonyChopper"," VANAJA ORGANICS Cardamom Green 75 Grm "
"3007","","True","False","TonyChopper"," Homely Pro 6ml Shiny Diamond UV Gel Nail Polish Decor Therapy Nail Art Tips Color Glue Manicure Decoration 15 Colors : 3 "
"3015","","False","True","TonyChopper"," Nine Naturals Citrus Geranium Soothing Body Wash - Citrus Geranium - 8 oz "
"3024","","True","False","TonyChopper"," Rakhi wishes - Rakshabandhan wishes - 18 Chocolate Box with Rakhi "
"3030","","True","False","TonyChopper"," Kinder Chocolate 8 Bars, 100g Each (Pack of 2) "
"3046","","True","False","TonyChopper"," Vovotrade Christmas DIY Nail Art Image Stamp Stamping Plates Manicure Template (C) "
"3056","belly","False","False","TonyChopper","null"
"3068","","False","True","TonyChopper"," New 50pcs DIY Disposable Compressed Face Mask High Quality Beauty Disposable Mask "
"3070","attack","False","False","TonyChopper","null"
"3072","","True","False","TonyChopper"," The Prakriti Studio Rose Geranium Gel Face Scrub 100gm Pack "
"3075","CD","False","False","TonyChopper","null"
"3084","lack","False","False","TonyChopper","null"
"3092","spokeswoman","False","False","TonyChopper","null"
"3102","electrocardiogram","False","False","TonyChopper","null"
"3114","laryngitis","False","False","TonyChopper","null"
"3125","gossip","False","False","TonyChopper","null"
"3136","yoke","False","False","TonyChopper","null"
"3142","crate","False","False","TonyChopper","null"
"3145","","True","False","TonyChopper"," Exotix Fragrance Black Kasturi oil perfume for men long lasting 25ml "
"3188","teller","False","False","TonyChopper","null"
"3195","","False","True","TonyChopper"," Xplus Bath Loofah(Pack of 3) "
"3202","","True","False","TonyChopper"," Aryavrat Pharma Hairshield Anti Lice Cream Wash (30 ml) Pack of 6 "
"3206","verve","False","False","TonyChopper","null"
"3221","willing","False","False","TonyChopper","null"
"3222","belief","False","False","TonyChopper","null"
"3228","examiner","False","False","TonyChopper","null"
"3235","endurable","False","False","TonyChopper","null"
"3240","finalize","False","False","TonyChopper","null"
"3244","","True","False","TonyChopper"," TANISHKA ENTERPRISES Papaya Fruit Facial Kit, 60g (Pack of 2) "
"3261","","False","True","TonyChopper"," CHOCOCRAFT - Rakhi Gift for Brother - Rakhi gift to Fiji - 18 Chocolate gift Box with Rakhi "
"3268","","True","False","TonyChopper"," Urban Platter Monosodium Glutamate (MSG), 400g / 14.1oz [Aji-no-Moto Umami Seasoning] "
"3274","","False","True","TonyChopper"," Best gift for christmas - 9 Chocolate Gift Box - Gift for christmas - Christmas & New year gift "
"3293","","True","False","TonyChopper"," Hansel Led Lights Skin Rejuvenation Light Professional Therapy Acne Wrinkle Removal(200 Leds On Holder) "
"3311","eyestrain","False","False","TonyChopper","null"
"3327","","True","False","TonyChopper"," Gardens of Aroma - Cassia Essential Oil 10ml. Neem Carrier Oil 10ml "
"3334","","False","True","TonyChopper"," Generic Net Embellish Snow Air Cushion The Frost Block Defect Cream Foundation Liquid Hydrating Naked Makeup "
"3339","","False","True","TonyChopper"," Nutriwish Premium Gluten-Free White Quinoa, 1kg "
"3364","ingrate","False","False","TonyChopper","null"
"3376","tick","False","False","TonyChopper","null"
"3381","descendant","False","False","TonyChopper","null"
"3389","casserole","False","False","TonyChopper","null"
"3390","","True","False","TonyChopper"," Pure & Real Cheddar Cheese Powder 80 Gram (Perfect for Pop-Corn, Making Cheese Sauce for Nachos, Sprinkling on French Fries & All Snacks) "
"3398","blackboard","False","False","TonyChopper","null"
"3411","","False","True","TonyChopper"," Yummiums Natural Plum Spread -225 GMS "
"3422","","False","True","TonyChopper"," Mydio 2 Pack Waterproof Women Shower Caps Bath Cap,Double Layer Satin Lined Shower Cap for Women "
"3429","","True","False","TonyChopper"," Stockout HOURGLASS Confession Ultra Slim High Intensity Refillable Lipstick - COLOR: I Want - Medium Rose - Satin finish "
"3430","toenail","False","False","TonyChopper","null"
"3433","questionable","False","False","TonyChopper","null"
"3434","mortality","False","False","TonyChopper","null"
"3435","","True","False","TonyChopper"," KE Natural Sugandha Mantri Oil 30 ML "
"3439","weakness","False","False","TonyChopper","null"
"3440","charge","False","False","TonyChopper","null"
"3448","","True","False","TonyChopper"," Ancient Healer 100% Natural Gultheria Attar (30 ml) "
"3456","","False","True","TonyChopper"," Deve Herbes Helichrysum Essential Oil 5ml (Helichrysum italicum) 100% Natural Therapeutic Grade Steam Distilled "
"3465","","False","True","TonyChopper"," Winx Fairy Couture Bloom Chic Essence Coffret: Eau De Toilette Spray 100ml/3.4oz + Body Lotion 75ml/2.55oz + Rollerball 5ml/0.17oz + Hair Clip- 4pcs "
"3489","","False","True","TonyChopper"," Shalimar Brand Saffron 4Gram Premium Organic Kesar (4 Packs Of 1Grams) "
"3500","","False","True","TonyChopper"," ShopUSAIndia DIOR Rouge Dior Liquid - COLOR: 999 Matte - red - Matte finish "
"3508","","False","True","TonyChopper"," CampbellS Chicken Noodle Soup - 10.75 Oz. Can - 12 Ct "
"3518","","False","True","TonyChopper"," Mos Bakery Cookie, Coffee, 200 Gr "
"3522","fair","False","False","TonyChopper","null"
"3530","heritage","False","False","TonyChopper","null"
"3547","","False","True","TonyChopper"," BAW Cosmetics 200g /bag Natural handmade soap, transparent soap palm oil and coconut oil Make the skin more clean lubrication "
"3555","","False","True","TonyChopper"," Farmacie Shea Butter Hand Cream 2.5 Oz - Marigold Calendula "
"3573","","True","False","TonyChopper"," Essendant/Lagasse Murphys Oil Soap, 16 Oz "
"3579","irrigation","False","False","TonyChopper","null"
"3581","sparrow","False","False","TonyChopper","null"
"3585","","False","True","TonyChopper"," Extra Soft Nourishing And Moisturizing Face And Body Cream For All Skin Types 200ml "
"3627","temple","False","False","TonyChopper","null"
"3628","","True","False","TonyChopper"," JRC Mango Panna - 680 ml "
"3629","","False","True","TonyChopper"," EO Naturals Jasmine Pure Essential Oil(10 ml) "
"3632","","False","True","TonyChopper"," Ancient Flower - Frankincense and Orange - Oil Serum (5 ml + 5 ml) "
"3651","passive","False","False","TonyChopper","null"
"3670","youthful","False","False","TonyChopper","null"
"3673","","True","False","TonyChopper"," Ozone Ayurvedics Henna Conditioner 100 GM - Combo of 3 Pack "
"3675","","False","True","TonyChopper"," Homely 24 Different Types Nail Art Drill Bits,Electric Nail Drill Bits for Acrylic Nails, 3/32"" Shank Size (Grit: 2XC+XC+C+M+F+XF) : XC "
"3686","","True","False","TonyChopper"," SLB Works 10pcs Cosmetic Spatula Plastic Home DIY Facial Mask Sticks Spoons Travel Access "
"3694","","True","False","TonyChopper"," Generic KAIBIN Men Oil Control Facial Cream Moisturizing Hydrating Skin Care Emulsion Cosmetic Moisturizer Face Cream Beauty "
"3698","","False","True","TonyChopper"," Chocholik Gift Box - Dont Be Afraid to Fail Be Afraid Not to Try Chocolate Box - 9pc "
"3707","jet","False","False","TonyChopper","null"
"3710","association","False","False","TonyChopper","null"
"3711","public","False","False","TonyChopper","null"
"3715","entree","False","False","TonyChopper","null"
"3716","pendulum","False","False","TonyChopper","null"
"3724","","True","False","TonyChopper"," 2 X Qraa Advanced Lacto Dark Underarm Whitening Cream - 100G "
"3734","","True","False","TonyChopper"," LAXMI Ratlami Sev - Mix Chawanu Combo ( Snacks Combo ) 400+400=800 Grams "
"3739","","False","True","TonyChopper"," LA VIEJA FABRICA Raspberry Diet Mermelada (Jam), 280 Grams "
"3743","bumper","False","False","TonyChopper","null"
"3744","stepping-stone","False","False","TonyChopper","null"
"3752","crocus","False","False","TonyChopper","null"
"3753","","True","False","TonyChopper"," Jivana Classic Sugar, 1 kg (Pack of 2) "
"3765","","False","True","TonyChopper"," Hansi Naturals Mango Butter 16oz (473ml) Smooth Creamy Formulation "
"3766","hello","False","False","TonyChopper","null"
"3767","","True","False","TonyChopper"," Grambu Kerala Banana Chips - 250 g (Fried in Coconut Oil) "
"3770","vegetarianism","False","False","TonyChopper","null"
"3782","obsolete","False","False","TonyChopper","null"
"3792","","True","False","TonyChopper"," B-URBAN Eucalyptus Oil 100% Natural Pure Undiluted Uncut Essential Oil 10ml "
"3801","remnant","False","False","TonyChopper","null"
"3802","","False","True","TonyChopper"," Dial Clean and Soft Moisturizing Body Wash "
"3848","deafening","False","False","TonyChopper","null"
"3873","bottling","False","False","TonyChopper","null"
"3908","barrage","False","False","TonyChopper","null"
"3910","hardware","False","False","TonyChopper","null"
"3915","warlord","False","False","TonyChopper","null"
"3922","","True","False","TonyChopper"," AFFICIANADO COFFEE - HIGH QUALITY, HIGH ELEVATION ARABICA BEANS ROASTED TO PERFECTION (Pack of 200 gm) "
"3925","swath","False","False","TonyChopper","null"
"3933","sunlight","False","False","TonyChopper","null"
"3941","reminder","False","False","TonyChopper","null"
"3943","nauseating","False","False","TonyChopper","null"
"3951","predict","False","False","TonyChopper","null"
"3954","","False","True","TonyChopper"," Generic United States: nail art decorations Acrylic 3D Glitter Charmsnail art pedrinhas atacado Crystal Rhinestone Tips DIY Decoration Wheel "
"3955","rainmaker","False","False","TonyChopper","null"
"3958","shame","False","False","TonyChopper","null"
"3965","","True","False","TonyChopper"," Playboy Playboy Vip For Men Gift Set (Edt100ml+Bs150ml), 250 ml "
"3975","seafood","False","False","TonyChopper","null"
"3980","","False","True","TonyChopper"," World Beautys New Face Cream Moisturizer Day Cream Whitening Bleaching Freckle Cream Remove Melasma Acne Spots Pigment Melanin Dark Spot onespring "
"3988","","False","True","TonyChopper"," Generic Plant Cucumber Facial Mask Acne Remove Blackhead Treatment Mask Remover Contractive Pore Repair Moisturizing Face Skin Care - 120Ml "
"4019","radiator","False","False","TonyChopper","null"
